lang,gl,var1,var2,var3,var4,var5
cash1254,-ASP,-INCOMPL,-PERF,ASP-,,
cash1254,-ASS,-ASS.COL,-ASS.ENF,ASS-,,
cash1254,-ATR,-ATT,,,,
cash1254,-CONCL,-to.the.end,,,,
cash1254,-CONJ,-CONJ.TEMP,-TEMP,,,
cash1254,-DISTR,-one.by.one,,,,
cash1254,-FOC,-FOC.COL,-TOP,TOP-,,
cash1254,-FUT,-PROSP,,,,
cash1254,-INTER,-INTERR,-INTER.MOD,INTER-,,
cash1254,-PL,-PL.MOD,PL-,,,
cash1254,-VOL,-DESID,VOL-,,,
cash1254,1SG,1SG.NOM,1SG.POSS,,,
cash1254,2SG,2SG.NOM,2SG.POSS,,,
cash1254,3,DEM,DET,PRO,,
cash1254,3.self,DEM.3.self,this.one,,,
cash1254,3PL.NOM,3PL.POSS,,,,
cash1254,a.little,some,,,,
cash1254,acouchi,acouti,,,,
cash1254,after.a.while,shortly.afterwards,,,,
cash1254,again,Again,,,,
cash1254,all,stop/all,,,,
cash1254,arrive,come,enter,,,
cash1254,ashamed,embarrass,,,,
cash1254,assemble,gather,,,,
cash1254,bad,ugly,,,,
cash1254,bad.at.hunting,bad.hunter,bad.hunter.ABS,bad.luck.at.hunting,,
cash1254,basket,type.of.basket,,,,
cash1254,be.hungry.for.meat,hungry.for.meat,hungry.formeat,hungry,,
cash1254,beginning,start,begin,,,
cash1254,big,be.big,grown,,,
cash1254,bowl,plate,,,,
cash1254,brother,older.brother,,,,
cash1254,brother.in.law,brother.in.law.ABS,,,,
cash1254,clothes,female.skirt,,,,
cash1254,copulate,have.sex,,,,
cash1254,cry,shout,bark,,,
cash1254,day,hour,sun,sun/hour,,
cash1254,deceive,cheat,,,,
cash1254,design,pattern,,,,
cash1254,devour,swallow,ingest,,,
cash1254,different,diverse,various,,,
cash1254,downhill,downriver,downwards,,,
cash1254,early,morning/early,,,,
cash1254,entrance,entrance.of.creek,entrance.of.river,,,
cash1254,escape,escape/hide,,,,
cash1254,EVID,evid,,,,
cash1254,far,there.far,,,,
cash1254,fasten,tie.hammock,,,,
cash1254,feces,defecate,,,,
cash1254,field,plantation,,,,
cash1254,fire,fire.ABS,,,,
cash1254,five/hand,hand,,,,
cash1254,flute,instrument,,,,
cash1254,foot,footprint,,,,
cash1254,frog,frog.ABS,,,,
cash1254,get,grab,pick,pick.up,,
cash1254,get.accostumed,accostumed,,,,
cash1254,get.into.hammock,get.in.hammock,,,,
cash1254,get.up,lift,,,,
cash1254,giant.samaúma.tree,giant.samaúma,samauma.tree,samaúma.tree,,
cash1254,give.birth,be.born,come.out.of.body,come.out,go.out,
cash1254,go.PL,go.pl,go.in.group,get.out.PL,,
cash1254,go.up,subida,,,,
cash1254,gossip,make.fun,,,,
cash1254,grandmother,grandmother.VOC,,,,
cash1254,grow,grow.up,raise,,,
cash1254,heap,amount,pile.up,,,
cash1254,hear,listen,,,,
cash1254,here,here.near,,,,
cash1254,hiss,IDEO.hiss,whistle,,,
cash1254,hold,hold.in.hand,,,,
cash1254,how,how.is.it,what,,,
cash1254,how.many,how.much,,,,
cash1254,IDEO.break.twigs,IDEO.make.noise,,,,
cash1254,IDEO.fall,IDEO.fall.down,IDEO.fall.on.hard.surface,IDEO.hit.ground,,
cash1254,IDEO.fall.into.water,IDEO.cair.na.água,IDEO.throw.into.water,,,
cash1254,IDEO.grunt,IDEO.shout.of.anger,,,,
cash1254,in.law,father.in.law,mother.in.law,parent.in.law,son.in.law,
cash1254,inform,warn,,,,
cash1254,just.like.that,only.like.that,,,,
cash1254,kill,kill.with.arrow,shoot,shoot.with.arrow,,
cash1254,kind.of.fish,little.catfish,kind.of.catfish,,,
cash1254,leg,thigh,,,,
cash1254,leptotila.bird,leptotila,,,,
cash1254,liana,nixpu,,,,
cash1254,lie.down,be.lying,,,,
cash1254,look,see,,,,
cash1254,make,do,,,,
cash1254,man,people,huni,,,
cash1254,manioc,manioc.leaf,,,,
cash1254,marry,married,,,,
cash1254,middle,in.the.middle.of,,,,
cash1254,monkey,monkey.ABS,,,,
cash1254,much,very,,,,
cash1254,night,dark,,,,
cash1254,non.indigenous.person,non.indigenous.people,non.indigenous.person.ABS,non.indigenous.person.ERG,,
cash1254,not.want,not.likenot,,,,
cash1254,old,old.woman,,,,
cash1254,on.one.side,to.one.side,,,,
cash1254,on.top,near.head,,,,
cash1254,other.side,on.the.other.side,,,,
cash1254,our.land,our(land),,,,
cash1254,parent,father,parent.ABS,,,
cash1254,PART.Disc,PARTDisc,,,,
cash1254,play,imitate,,,,
cash1254,poor,poor.one,suffering,,,
cash1254,pregnant,make.pregnant,,,,
cash1254,prey,animal.to.be.hunted,animal,,,
cash1254,PropN,PropN.ABS,Txitxi,Jurupari,,
cash1254,put.liquid.into.eyes,dribble.sap.into.eye,,,,
cash1254,quick,quickly,,,,
cash1254,quiet,silent,,,,
cash1254,rat,rat.ABS,,,,
cash1254,same,the.same,,,,
cash1254,scream,cream,IDEO.shout,,,
cash1254,search,look.for,,,,
cash1254,sing,sing.ayahuasca.song,,,,
cash1254,snake,anaconda,anaconda.ABS,,,
cash1254,someone,no.one,,,,
cash1254,something,anything,nothing,,,
cash1254,song,ayahuasca.song,,,,
cash1254,soup,banana.soup,porridge,,,
cash1254,speak,language,speech,say,talk,tell
cash1254,stand,stand.up,,,,
cash1254,strong,good.hunter,,,,
cash1254,SVintr,VBLintr,,,,
cash1254,SVtr,VBLtr,Svtr,,,
cash1254,take.quickly,take.with.force,pick.up.with.force,,,
cash1254,there,There,from.there,over.there,,
cash1254,tomorrow,yesterday,,,,
cash1254,tree,wood,wook,,,
cash1254,turtle,turtle.ABS,,,,
cash1254,upriver,uphill,up,hill,decline,
cash1254,uricuri,uricurí,uricuri.tree,,,
cash1254,walk,walk.straight.on,go.straight.on,,,
cash1254,walk.on.shore,walk.at.shore,,,,
cash1254,wear,put.on,dress,,,
cash1254,who,nobody,,,,
cash1254,yes,Yes,,,,
cash1254,-POSP,POSP-,,,,
cash1254,-LOC,LOC-,,,,
cash1254,-with.tr,with.tr-,,,,
cash1254,-NEG,NEG-,,,,
cash1254,-with,with-,,,,
cash1254,-SR,SR-,,,,
cash1254,-MOV,MOV-,,,,
cash1254,-EVID,EVID-,,,,
cash1254,-DIM,DIM-,,,,