lang,gl,var1,var2,var3,var4,var5
beja1238,-3.PFV.SG.M,-PFV.3SG.M,,,,
beja1238,-3.SG.F.IPFV,-IPFV.3SG.F,,,,
beja1238,-3SG.M.IPFV,-IPFV.3SG.M,,,,
beja1238,-ADJVZ,-ADJZ,,,,
beja1238,-AOR.3SG,-AOR.3SG.M,-AOR.1SG,,,
beja1238,-CVB.SEQ,-CVB.ANT,,,,
beja1238,-GEN,-GEN.SG,,,,
beja1238,-IMP.SG.F,-IMP-SG.F,,,,
beja1238,-IMP.SG.M,-SG.M,-M,,,
beja1238,-LINK,-L,,,,
beja1238,-N.AC,-N.A,,,,
beja1238,-NEG.OPT,-NEG.OPT.SG,,,,
beja1238,-PFV.1PL,-1PL.PFV,,,,
beja1238,-PFV.2SG.M,-PFV.2SG,,,,
beja1238,-RECP,-RECP.[AOR.[3SG.M],,,,
beja1238,=ABL,=ABL.SG,,,,
beja1238,=COP.3PL,=COP.1PL,,,,
beja1238,=COP.3SG,=COP.1SG,=COP.2SG,=COP.3SG.M,,
beja1238,=INDF.F,=IND.F,=INDF,,,
beja1238,=INDF.M.ACC,=INDF.M,,,,
beja1238,=LOC.PL,=LOC.PLC,,,,
beja1238,=POSS.1SG.ACC,=POSS.1SG.NOM,=POSS.1SG,=POSS.1SG.ACC.,=POSS1.SG.ACC,
beja1238,=POSS.3PL.ACC,=POSS.PL.ACC,=POSS.PL.M.ACC,=POSS3.PL.ACC,,
beja1238,=POSS.3PL.NOM,=POSS.PL.NOM,,,,
beja1238,=POSS.3SG.ACC,=POSS.3ACC,=POSS.3.SG.ACC,,,
beja1238,=REL.SG.M,=REL.M,,,,
beja1238,=SIMIL.PL,=SMLT.PL,,,,
beja1238,=thing,=chose,thing,chose,,
beja1238,~PLAC,~PLAC\PFV.[1SG],,,,
beja1238,1SG-,1SG.M-,,,,
beja1238,1SG.NOM,1SG,1SG.PRO,POSS.1SG.NOM,1SG.GEN,
beja1238,2-,2SG-,2SG.F-,2SG.M-,,
beja1238,2PL.F.ACC,OBJ.2PL.F.ACC,,,,
beja1238,3-,3M-,3SG.M-,3SG.M.SG-,,
beja1238,3ABL,ABL.3,,,,
beja1238,3SG.F-,3SG-,,,,
beja1238,accompanyIPFV,accompany,,,,
beja1238,ADRF,ADRF.SG.M,,,,
beja1238,agreement,convention,,,,
beja1238,annoy,tire_out,,,,
beja1238,anyway,anayway,,,,
beja1238,appointment\PL,appointement\PL,,,,
beja1238,approach\IPFV,get_close,,,,
beja1238,ask,ask\N.AC,,,,
beja1238,at_night,a_tnight,,,,
beja1238,back,behind,,,,
beja1238,be,become,,,,
beja1238,be_big,be_big\IPFV,be_big\PFV,,,
beja1238,be_cooked\PFV,cooked\ADJ,,,,
beja1238,be_down,be_down\PFV,,,,
beja1238,be_fat\AOR,be_fat,,,,
beja1238,be_numerous,be_much,increase,,,
beja1238,be_perfumed,perfumed,,,,
beja1238,be_quenched,be_quenched\PFV,,,,
beja1238,be_rich,be_rich\N.AC,be_full_up,,,
beja1238,be_there\IPFV,be_there\AOR,be_there\AOR.[3SG.M],,,
beja1238,be_there\PFV,be_there\NEG..OPT,be_there\NEG.OPT,be_there_CVB.MNR,be_there\ACMP,
beja1238,be_thirsty\INT,be_thirsty\INT.AOR,be_thirsty\INT.PFV,,,
beja1238,be_unable\INT,be_unable\INT.PFV,,,,
beja1238,be_up,be_up\PFV,,,,
beja1238,be_where,be_where.IPFV.3SG.M],,,,
beja1238,be\PFV,become\PFV,,,,
beja1238,beautiful,prettiness,,,,
beja1238,become_Muslim,become_muslim,,,,
beja1238,become_soft\PFV,become_weak\PFV,be_weak\PFV,,,
beja1238,before,front,precede,,,
beja1238,buy,sell,,,,
beja1238,CAUS-,-CAUS,,,,
beja1238,chief,elder,,,,
beja1238,clean,become_clean\PFV,,,,
beja1238,close,nearby,,,,
beja1238,collect\INT,collectINT,,,,
beja1238,come_back\MID,come_back\MID.PFV,come_back\MID.[PFV.1SG],come_back\REFL,,
beja1238,CONTR,=CONTR,,,,
beja1238,convey,convey\PFV,,,,
beja1238,create,create\PFV,,,,
beja1238,cure,cure\PFV,,,,
beja1238,cut_off\PFV,cut_off,,,,
beja1238,DEF.M.PL=,DEF.PL.M=,,,,
beja1238,DEF.M=,DEF.M,,,,
beja1238,DEF.SG.M.NOM=,DEF.SG.M=,DEF.M.NOM=,,,
beja1238,dig\PFV,dig\AOR,dig,,,
beja1238,direction,direction\PL,,,,
beja1238,dismantle\PFV,dismantle,,,,
beja1238,do\IPFV.[3SG],do\IPFV.[3SG.M],do\IPFV.[2SG],,,
beja1238,drag,drag_on_ground\PFV,,,,
beja1238,drink,drink[.PFV.3SG.M],drink\N.AC,,,
beja1238,dust,dust_storm,,,,
beja1238,ear,oreille,,,,
beja1238,eat,eat[FUT],,,,
beja1238,evening_prayer,urine,,,,
beja1238,face_each_other\PFV,meet\PFV,,,,
beja1238,find,find.PFV,,,,
beja1238,find\IPFV,find\IPFV.[3SG.M],,,,
beja1238,forbid,forbid\PFV,fobid\PFV.[3SG.M],,,
beja1238,forget\INT,forget\INT.PFV,,,,
beja1238,fortune,goods,treasure,,,
beja1238,friend\PL,frien\PL,,,,
beja1238,FUT.PL-,-FUT.PL,-FUTL,,,
beja1238,FUT.SG-,FUT-,-FUT.SG,-FUT,,
beja1238,give\PFV,give\IMP.[SG.M],give\PFV[SG.M],,,
beja1238,go,walking,,,,
beja1238,go_contrary\IPFV,go_contrary,,,,
beja1238,go_out\IPFV.[3SG.M],go_out\IPFV[3SG.M],,,,
beja1238,go_out\PFV,go_out,,,,
beja1238,go_past,pass_by,,,,
beja1238,go\INT,go\INT.AOR,go\INT.PFV,,,
beja1238,God_willing,Inch_Allah,,,,
beja1238,harvest\AOR,harvest\PFV,cut_into,cut_into\AOR,,
beja1238,have\IPFV,have\NEG.OPT,,,,
beja1238,head_crown,head_crownn,,,,
beja1238,healer,religious_doctor,,,,
beja1238,hear\INT,hear\INT.PFV,,,,
beja1238,hedgehog,porcupine,,,,
beja1238,help\MID.PFV,help\IPFV,,,,
beja1238,hide,hide\MID,,,,
beja1238,hit,hit\PFV,hit\AOR,hit\N.AC,hit\VN,
beja1238,horror,be_horrible,detestable,,,
beja1238,ignite,become_inflamed,,,,
beja1238,ignore\MID,ignore\MID.PFV,,,,
beja1238,jump,jump\N.AC,,,,
beja1238,Kasala,Kassala,,,,
beja1238,kill,kill\PFV,kill\PFV.[M],,,
beja1238,kill\IPFV,kill\IPFV.[3SG.M],kill\IPFV.[2SG.M],,,
beja1238,lack\MID.PFV,lack\REFL.PFV,,,,
beja1238,land,ground,,,,
beja1238,leave,leave\PFV,leave\AOR,,,
beja1238,let,let\AOR,let\IPFV,let\PFV,,
beja1238,limit,quantity,,,,
beja1238,listen\PFV,listen,,,,
beja1238,look,look\PFV,look\AOR,,,
beja1238,look\IPFV,look\IPFV.[2SG.M],look\IPFV.[3SG.M],,,
beja1238,make,make\AOR,,,,
beja1238,manner,way,,,,
beja1238,marriage,wedding,,,,
beja1238,marry,marry\PFV,,,,
beja1238,milk_bowl,milk_container,,,,
beja1238,miss,miss\PFV,miss\PFV.[1SG],,,
beja1238,mix,mix\PFV,,,,
beja1238,mount\MID,ride\MID,ride\MID.NEG.OPT,,,
beja1238,move_away,move_away\PFV,,,,
beja1238,move_away\IPFV.[3SG],move_away\IPFV.[3SG.M],,,,
beja1238,N.AC-,N.AC.SING-,N.LOC-,,,
beja1238,news,ask_for_news,,,,
beja1238,pierce\ADJ,pierce\N.AC,pierce\N.LOC,,,
beja1238,place,place\PL,,,,
beja1238,play,play\N.AC,,,,
beja1238,pour\MID,pour\MID.IPFV,,,,
beja1238,pour\PFV,pour,,,,
beja1238,prepare\AOR,prepare.AOR,,,,
beja1238,prowl,prawl,,,,
beja1238,PROX.SG.M.NOM,PROX.SG.NOM,PROX.SG.M,,,
beja1238,pull\PFV,pull,,,,
beja1238,refuse\PFV,refuse,,,,
beja1238,resemble,resemble\PFV,,,,
beja1238,say,say\PFV,say\AOR,say\NEG.OPT,say\NEG..OPT,say\OPT.NEG
beja1238,seek,seek\PFV,seek\PFV.[3],want,,
beja1238,servant\PL,slave\PL,,,,
beja1238,sew,sew\IPFV,sew\PFV,,,
beja1238,sit\MID.AOR,sit\MID.IPFV,sit\REFL.AOR,be_seated\MID.AOR,be_seated\MID.IPFV,
beja1238,slaughter,slaughter\PFV,slaughter\PFV.[1SG],,,
beja1238,spend_the_night,spend_the_night\N.AC,,,,
beja1238,spread,spread\PFV,,,,
beja1238,steal,steal\AOR,,,,
beja1238,stone,hill,,,,
beja1238,such_and_such,such-and-such,,,,
beja1238,take,take\PFV,take\PFV.1SG,,,
beja1238,take_a_mouthful,devour,,,,
beja1238,take_care\PFV,take_carePFV,,,,
beja1238,take_shelter\INT,take_shelter\INT.PFV,,,,
beja1238,take\IPFV.[1SG],take\IPFV.[2SG.M],take\IPFV.[3SG.M],,,
beja1238,take\N.AC,grab\N.AC,,,,
beja1238,talk\MID,talk\MID.PFV,,,,
beja1238,there,DIST.SG.M.ACC,DIST.SG.M.NOM,,,
beja1238,think,think\PFV.[3SG.M],,,,
beja1238,thorny_fruit,thorny_fruits,,,,
beja1238,throw,throw\AOR,throw\PFV,,,
beja1238,towards,DIST.SG.F.NOM,DIST.SG.F.ACC,,,
beja1238,track,track\PFV,,,,
beja1238,travel,travel\N.AC,,,,
beja1238,treat,treat\N.AC,,,,
beja1238,turn_aside\MID,turn_aside\MID.PFV,,,,
beja1238,uncle,oncle,,,,
beja1238,untie,untie\IPFV,,,,
beja1238,wait\IPFV.[3SG.M],wait\IPFV.[3SG.F],,,,
beja1238,watch,watch\AOR,,,,
beja1238,water,water\PL,,,,
beja1238,witch,whitch,,,,