lang,gl,var1,var2,var3,var4,var5,var6,var7,var8
taba1259,-ABSTR,-ABSTR(ABS),-ABSTR(IN),,,,,,
taba1259,-AOR,-AOR+Q,,,,,,,
taba1259,-APUD,APUD-,,,,,,,
taba1259,-CONT,CONT-,,,,,,,
taba1259,-DIR,-DIR(IN),,,,,,,
taba1259,-ELAT,-ELAT(IN),ELAT-,,,,,,
taba1259,-FUT,-FUT(PTCP),-FUT.PTCP,,,,,,
taba1259,-HSG,-HSG-,-HSG(ABS),-HSG(ERG),,,,,
taba1259,-INTER,INTER-,,,,,,,
taba1259,-IPFV,-IPFV.PTCP,,,,,,,
taba1259,-LAT,-LAT(IN),,,,,,,
taba1259,-LOC.ADV,-LOC.ADV(IN),,,,,,,
taba1259,-MASD,-MSD,,,,,,,
taba1259,-N,-N(ABS),-NSG,-NSG(ABS),-NSG-,-N-,NSG-,NSG(ABS)-,N-
taba1259,-NEG,-NEG(PRS),-PRS.NEG,-PRS:NEG,NEG-,,,,
taba1259,-PL,-PL(ABS),-ABS(PL),-PL(ERG),-IMP.PL,-PL(IN),-PL-,PL-,
taba1259,-POST,POST-,,,,,,,
taba1259,-PROH,-PROH(HSG),,,,,,,
taba1259,-PTCP,-PFV.PTCP,,,,,,,
taba1259,-SUPER,SUPER-,be(SUPER),,,,,,
taba1259,=1PL(INCL),=1PL(INCL):AG,,,,,,,
taba1259,=1SG,=1SG:PAT,,,,,,,
taba1259,=2SG,=2SG:PAT,,,,,,,
taba1259,3.P,3P,,,,,,,
taba1259,3.P(ABS),3.P(ATTR),,,,,,,
taba1259,ADV(DIST),DIST(ADV)-,,,,,,,
taba1259,all,all(ABS),,,,,,,
taba1259,anger(ABS),evil(ABS),,,,,,,
taba1259,astonishment,miracle(ABS),,,,,,,
taba1259,Bachan,Bachan(ABS),,,,,,,
taba1259,bad,wrong,,,,,,,
taba1259,be,be(IN),be(IN):PRS,,,,,,
taba1259,be:NEG,be.NEG,be.PRS:NEG,,,,,,
taba1259,become,become(FUT),become(HSG),become(PL),become(PTCP),become.PRS,become:PRS,,
taba1259,before,in_front,in_front_of,,,,,,
taba1259,belly,belly(IN),,,,,,,
taba1259,belt(ABS),silver_belt(ABS),,,,,,,
taba1259,boil,burn,,,,,,,
taba1259,boy,boy(ABS),boy(ERG),,,,,,
taba1259,bread,bread(ABS),bring(IMP),bring(HSG),carry,carry(PL),,,
taba1259,brother,brother(ABS),brother(ERG),,,,,,
taba1259,call,call(ABS),sound(ABS),,,,,,
taba1259,cattle,cattle(ABS),,,,,,,
taba1259,close,close(NSG),,,,,,,
taba1259,clothes(ABS),dress(ABS),,,,,,,
taba1259,COP,COP(PRS),,,,,,,
taba1259,cow,cow(ABS),,,,,,,
taba1259,cowshed,cowshed(IN),shed(IN),,,,,,
taba1259,curse,swear,,,,,,,
taba1259,custom,custom(ABS),tradition(ABS),,,,,,
taba1259,cut,cut_off,cut_out,,,,,,
taba1259,day,day(ABS),,,,,,,
taba1259,different,other,,,,,,,
taba1259,DIST(ABS),DIST(ATTR),,,,,,,
taba1259,door,door(ABS),,,,,,,
taba1259,DOWN(ABS),DOWN(ATTR),,,,,,,
taba1259,draw,draw(IMP),,,,,,,
taba1259,drink,drink(HSG),drink(PL),,,,,,
taba1259,eat,NSG+eat,eat(NSG),еat(NSG),,,,,
taba1259,EMPH-,-EMPH,,,,,,,
taba1259,end,end(ABS),finally,,,,,,
taba1259,enter,enter(HSG),enter(PL),go_in(HSG),go_in(HSG)(IMP),,,,
taba1259,fall,fall(HSG),fall(PL),,,,,,
taba1259,father,father(ERG),father(ABS),,,,,,
taba1259,finish,finish(IMP),finish(PL),,,,,,
taba1259,fling_down,fling_down(HSG),,,,,,,
taba1259,girl+PL,girl+PL(ABS),girl.PL(ABS),,,,,,
taba1259,give,give(IMP),give+FUT,,,,,,
taba1259,glad,gladness,,,,,,,
taba1259,go,go(HSG),go(NSG),go(PL),(HPL)go,go_away,come,come(PL),
taba1259,go_out,go_out(HSG),go_out(HSG)(IMP),go_out(PL),,,,,
taba1259,good,beautiful,,,,,,,
taba1259,grandfather,old_man,grandfather(ERG),old_man(ABS),old_man(ERG),old_man.ERG,,,
taba1259,grave,grave(ABS),,,,,,,
taba1259,greeting(ABS),salam,,,,,,,
taba1259,Gulali,Gulali(ABS),Gulali(ERG),,,,,,
taba1259,hair,hair(ABS),,,,,,,
taba1259,half,half(ABS),,,,,,,
taba1259,harm,harm(ABS),,,,,,,
taba1259,head,head(ABS),head(ERG),head(IN),,,,,
taba1259,health,healthy,,,,,,,
taba1259,heart,heart(ABS),,,,,,,
taba1259,horse,horse(ERG),,,,,,,
taba1259,hour,hour(ABS),,,,,,,
taba1259,house,house(IN),home,,,,,,
taba1259,I,I(ABS),I(ERG),,,,,,
taba1259,INTERJ,wallah,,,,,,,
taba1259,Kerim,Kerim(ABS),Kerim(ERG),,,,,,
taba1259,Khanali,Khanali(ABS),,,,,,,
taba1259,kill,kill(HSG),,,,,,,
taba1259,king,king(ERG),,,,,,,
taba1259,language(ABS),speech(ABS),,,,,,,
taba1259,lead,lead(PL),,,,,,,
taba1259,lead_out(HSG)(IMP),lead_out(NSG)(IMP),,,,,,,
taba1259,leave,let,leave(PL)(IMP),,,,,,
taba1259,lie(HSG),lie(HSG)(IMP),lie_down(HSG),,,,,,
taba1259,listen,obey,,,,,,,
taba1259,look,look(HSG),look(NSG),look(HSG)(IMP),look(PL),,,,
taba1259,man,man(ABS),,,,,,,
taba1259,master,master(ABS),,,,,,,
taba1259,Mezhgul,Mežgül,,,,,,,
taba1259,month,month(ABS),,,,,,,
taba1259,morning,morning(ERG),,,,,,,
taba1259,much,many,,,,,,,
taba1259,mullah,mullah(ABS),,,,,,,
taba1259,Naz,Naz(ABS),,,,,,,
taba1259,news,news(ABS),new(ABS),,,,,,
taba1259,nothing,nothing(ABS),anything(ABS),,,,,,
taba1259,Nuradin,Nuradin(ABS),,,,,,,
taba1259,Nurali,Nurali(ABS),Nuriali,,,,,,
taba1259,our(INCL),we(INCL)(POSS),we:POSS(INCL),,,,,,
taba1259,ox,ox(ABS),,,,,,,
taba1259,part,part(ABS),,,,,,,
taba1259,pasture,pasture(ABS),pasture_land,,,,,,
taba1259,patience,patience(ABS),,,,,,,
taba1259,people,people(ERG),folk,,,,,,
taba1259,person,person(ABS),,,,,,,
taba1259,Pirim,Pirim(ABS),Pirim(ERG),,,,,,
taba1259,place,place(ABS),place(IN),,,,,,
taba1259,praise,praise(ABS),,,,,,,
taba1259,profession,profession(ABS),craft(ABS),,,,,,
taba1259,PROX,PROX(ABS),PROX(ATTR),PROX(ERG),,,,,
taba1259,PTCL,that_is,znachit,so,,,,,
taba1259,put,put(IMP),put(IN),put(NSG),,,,,
taba1259,Qaratsan,Qaratsan(IN),,,,,,,
taba1259,Rabadan,Rabadan(ABS),Rabadan(ERG),,,,,,
taba1259,reach,arrive,,,,,,,
taba1259,REFL,REFL.SG,,,,,,,
taba1259,REFL(ABS),REFL.SG(ABS),,,,,,,
taba1259,right,straight,direct,,,,,,
taba1259,rock,rock(ABS),,,,,,,
taba1259,rule,rule(ABS),,,,,,,
taba1259,save,save(IMP),,,,,,,
taba1259,say,say.FUT,,,,,,,
taba1259,scandal,scandal(ABS),,,,,,,
taba1259,Selim,Selim(ABS),Selim(ERG),,,,,,
taba1259,shame,shame(ABS),,,,,,,
taba1259,sheepskin,sheepskin(ABS),,,,,,,
taba1259,sit(HSG),sit(PL),seat(HSG),seat(PL),,,,,
taba1259,slow,slowly,quiet,,,,,,
taba1259,span,span(ABS),,,,,,,
taba1259,stand_up(HSG),(HSG)get_up(IMP),,,,,,,
taba1259,start,start(HSG),start(PL),,,,,,
taba1259,stay,remain,,,,,,,
taba1259,strong,huge,,,,,,,
taba1259,study,learn,,,,,,,
taba1259,SUB-,-SUB,,,,,,,
taba1259,Tabasaran,Tabasaran(IN),,,,,,,
taba1259,take,take_off,take_outside,,,,,,
taba1259,think(ABS),thought,thought(ABS),,,,,,
taba1259,time,time(ABS),time(ERG),,,,,,
taba1259,trouble,trouble(ABS),,,,,,,
taba1259,turn,turn(ABS),,,,,,,
taba1259,turn_back,return,,,,,,,
taba1259,uncle,uncle(ABS),uncle(ERG),,,,,,
taba1259,village,village(IN),,,,,,,
taba1259,VOC,voc,,,,,,,
taba1259,voila,here_you_go,,,,,,,
taba1259,walk,(HSG)walk,,,,,,,
taba1259,want,need,,,,,,,
taba1259,we(EXCL),we(EXCL)(ABS),,,,,,,
taba1259,we(INCL),we(INCL)(ABS),,,,,,,
taba1259,what,what(ABS),what+COP,,,,,,
taba1259,what_do,what_do+AOR,,,,,,,
taba1259,where,from_where,,,,,,,
taba1259,who,who(ABS),who(ERG),,,,,,
taba1259,wife,wife(ABS),wife(ERG),woman(ABS),,,,,
taba1259,word,word(ABS),,,,,,,
taba1259,work,work(ABS),(HSG)work,,,,,,
taba1259,you,you(ABS),you(ERG),you(SG),you.SG(ABS),you.SG(ERG),you.SG,,
taba1259,young,young(ABS),youth,,,,,,
taba1259,your,your(SG),your.SG,your(PL),,,,,
taba1259,сowboy,cowboy(ERG),,,,,,,