lang,gl,var1,var2,var3,var4,var5,var6
hoch1243,=kind.of,kind.of,,,,,
hoch1243,=NMLZ,NMLZ,,,,,
hoch1243,=OPT,OPT,,,,,
hoch1243,=POS.HOR,=POS.HOR(SBJ.3SG),POS.HOR,POS.HOR(SBJ.3SG),,,
hoch1243,=POS.NTL,=POS.NTL(SBJ.3SG),=POS.NTL\1E.A,POS.NTL,POS.NTL(SBJ.3SG),,
hoch1243,=POS.NTL:DIST,POS.NTL:DIST,,,,,
hoch1243,=POS.NTL:PROX,POS.NTL:PROX,,,,,
hoch1243,=POS.NTL.PL:DIST,POS.NTL.PL:DIST,,,,,
hoch1243,=POS.NTL.PL:PROX,POS.NTL.PL:PROX,,,,,
hoch1243,=POS.VERT,=POS.VERT(SBJ.3SG),=POS.VERT\1E.A,POS.VERT,,,
hoch1243,1&2-,-1&2-,,,,,
hoch1243,1&2EMPH,1EMPH,2EMPH,,,,
hoch1243,1E.A-,-1E.A-,,,,,
hoch1243,1E.U-,-1E.U-,1I.A-,-1I.A-,,,
hoch1243,2.A-,-2.A-,,,,,
hoch1243,2.U-,-2.U-,,,,,
hoch1243,accomplish,accomplish(OBJ.3SG),accomplish(SBJ.3SG&OBJ.3SG),accomplish(SBJ.3SG),,,
hoch1243,ache,ache(SBJ.3SG),,,,,
hoch1243,and,=and,,,,,
hoch1243,APPL.BEN-,-APPL.BEN-,,,,,
hoch1243,APPL.INST-,-APPL.INST-,,,,,
hoch1243,arrive.back.here,arrive.back.here(SBJ.3SG),,,,,
hoch1243,arrive.back.there,arrive.back.there(SBJ.3SG),,,,,
hoch1243,arrive.here,arrive.here(SBJ.3SG&OBJ.3SG),arrive.here(SBJ.3SG),,,,
hoch1243,arrive.there,arrive.there(SBJ.3SG),,,,,
hoch1243,ask,ask(SBJ.3SG&OBJ.3SG),,,,,
hoch1243,be,be(SBJ.3SG),,,,,
hoch1243,be.angry,be.angry(SBJ.3SG),,,,,
hoch1243,be.big,be.big(OBJ.3SG),be.big(SBJ.3SG),,,,
hoch1243,be.different,be.different(OBJ.3SG),be.different(SBJ.3SG),,,,
hoch1243,be.difficult,be.difficult(OBJ.3SG),,,,,
hoch1243,be.enjoyable,be.enjoyable(OBJ.3PL),be.enjoyable(OBJ.3SG),be.enjoyable(SBJ.3SG),,,
hoch1243,be.fast,be.fast(OBJ.3SG),,,,,
hoch1243,be.full,be.full(OBJ.3SG),,,,,
hoch1243,be.going.there,be.going.there(SBJ.3SG),,,,,
hoch1243,be.good,be.good(OBJ.3SG),be.good(SBJ.3SG),,,,
hoch1243,be.holy,be.holy(SBJ.3SG),,,,,
hoch1243,be.long,be.long(OBJ.3SG),,,,,
hoch1243,be.lost,be.lost(OBJ.3SG),be.lost(SBJ.3SG),,,,
hoch1243,be.related.to,have.kin,have.kin(SBJ.3SG&OBJ.3SG),have.kin(SBJ.3SG),,,
hoch1243,be.small,be.small(SBJ.3SG),,,,,
hoch1243,be.started,be.started(SBJ.3SG),,,,,
hoch1243,be.together,be.together(OBJ.3SG&OBJ.3SG),be.together(OBJ.3SG),be.together(SBJ.3SG&OBJ.3SG),be.together(SBJ.3SG),,
hoch1243,be.true,be.true(OBJ.3SG),,,,,
hoch1243,be.truthful,be.truthful(OBJ.3SG),be.truthful(SBJ.3SG),,,,
hoch1243,be.wrong,be.wrong(OBJ.3SG),,,,,
hoch1243,be/PROG,be/PROG(SBJ.3SG),,,,,
hoch1243,become,become(SBJ.3SG),,,,,
hoch1243,begin,begin(SBJ.3SG),,,,,
hoch1243,bite(OBJ.3SG),bite(SBJ.3SG&OBJ.3SG),,,,,
hoch1243,bring.together,bring.together(SBJ.3SG),,,,,
hoch1243,buy,buy(SBJ.3SG&OBJ.3SG),,,,,
hoch1243,call.out,call.out(SBJ.3SG&OBJ.3SG),call.out(SBJ.3SG),,,,
hoch1243,chase,chase(OBJ.3SG),chase(SBJ.3SG&OBJ.3SG),chase(SBJ.3SG),,,
hoch1243,climb,climb(OBJ.3SG),climb(SBJ.3SG&OBJ.3SG),,,,
hoch1243,COLL-,-COLL-,,,,,
hoch1243,come.from,come.from(SBJ.3SG),,,,,
hoch1243,come.here,come.here(SBJ.3SG),come.here\1E.A,,,,
hoch1243,control,control(OBJ.3SG),,,,,
hoch1243,cross,cross(OBJ.3SG),cross(SBJ.3SG&OBJ.3SG),cross\1E.A,,,
hoch1243,dance,dance(SBJ.3SG),,,,,
hoch1243,deal.with,deal.with(OBJ.3SG),,,,,
hoch1243,die,die(OBJ.3SG),die(SBJ.3SG),,,,
hoch1243,do/be,do/be(OBJ.3SG&OBJ.3SG),do/be(OBJ.3SG),do/be(SBJ.3PL),do/be(SBJ.3SG&OBJ.3SG&OBJ.3SG),do/be(SBJ.3SG&OBJ.3SG),do/be(SBJ.3SG)
hoch1243,do/make,do/make(OBJ.3SG&OBJ.3SG),do/make(OBJ.3SG),do/make(SBJ.3SG&OBJ.3SG),do/make(SBJ.3SG),,
hoch1243,donate,donate(SBJ.3SG),,,,,
hoch1243,drink,drink(SBJ.3SG),,,,,
hoch1243,drive,drive(SBJ.3SG),,,,,
hoch1243,drop.from.mouth,drop.from.mouth(SBJ.3SG),,,,,
hoch1243,eat,eat(OBJ.3SG),eat(SBJ.3SG),,,,
hoch1243,fall,fall(SBJ.3SG),,,,,
hoch1243,finish,finish(OBJ.3SG),,,,,
hoch1243,fish,fish(SBJ.3SG),,,,,
hoch1243,gather,gather(OBJ.3SG),,,,,
hoch1243,get.ready,get.ready(SBJ.3SG),,,,,
hoch1243,give,give(OBJ.3SG),,,,,
hoch1243,go.about,go.about(SBJ.3SG),,,,,
hoch1243,go.back.there,go.back.there(SBJ.3SG),,,,,
hoch1243,go.forward,go.forward(SBJ.3SG),,,,,
hoch1243,go.inside,go.inside(SBJ.3SG),,,,,
hoch1243,go.outside,go.outside(SBJ.3SG),,,,,
hoch1243,go.there,go.there(SBJ.3SG),,,,,
hoch1243,go.to.find,go.to.find(OBJ.3SG),,,,,
hoch1243,go.to.school,go.to.school(SBJ.3SG),,,,,
hoch1243,have.as.sibling,have.as.sibling(OBJ.3SG),have.as.sibling(SBJ.3SG),,,,
hoch1243,have.clan.membership,have.clan.membership(SBJ.3SG),,,,,
hoch1243,have.hurt.feelings,have.hurt.feelings(SBJ.3SG),,,,,
hoch1243,have.NTL,have.NTL(OBJ.3SG),have.NTL(OBJ.3SG)\1E.A,have.NTL(SBJ.3SG&OBJ.3SG),have.NTL(SBJ.3SG),have.NTL\1E.A,
hoch1243,hear,hear(OBJ.3SG),hear(SBJ.3SG&OBJ.3SG),hear(SBJ.3SG),understand,,
hoch1243,help,help(OBJ.3SG),,,,,
hoch1243,high,high(OBJ.3SG),high(SBJ.3SG),,,,
hoch1243,hold,hold(OBJ.3SG),hold(SBJ.3SG&OBJ.3SG),hold\1E.A,,,
hoch1243,jump.in,jump.in(SBJ.3SG,,,,,
hoch1243,kick,kick(OBJ.3SG),kick(SBJ.3SG&OBJ.3SG),,,,
hoch1243,know,know(OBJ.3SG),know(SBJ.3PL),know(SBJ.3SG&OBJ.3SG),know(SBJ.3SG),,
hoch1243,last,last.one,,,,,
hoch1243,let/cause,let/cause(OBJ.3SG&SBJ.3SG),let/cause(OBJ.3SG),let/cause(SBJ.3SG&OBJ.3SG),let/cause(SBJ.3SG),,
hoch1243,lift,lift(SBJ.3SG),lift(SBJ.3SG&OBJ.3SG),,,,
hoch1243,lift.up.head,lift.up.head(SBJ.3SG),,,,,
hoch1243,lift\1E.A,lift(OBJ.3SG)\1E.A,,,,,
hoch1243,like,like(OBJ.3SG),like(SBJ.3SG&OBJ.3SG),like(SBJ.3SG),,,
hoch1243,live,live(OBJ.3SG),live(SBJ.3SG),,,,
hoch1243,look.at,look.at(OBJ.3SG),look.at(SBJ.3SG),look.at(SBJ.3SG&OBJ.3SG),,,
hoch1243,lose,lose(OBJ.3SG),,,,,
hoch1243,make.own,make.own(OBJ.3SG),make.own(SBJ.3SG&OBJ.3SG),,,,
hoch1243,make/CAUS,make/CAUS(OBJ.3SG),make/CAUS(SBJ.3SG&OBJ.3SG),make/CAUS(SBJ.3SG),,,
hoch1243,mean,mean(OBJ.3SG),,,,,
hoch1243,name,name(SBJ.3SG&OBJ.3SG),name(SBJ.3SG),,,,
hoch1243,OBJ.3PL-,-OBJ.3PL-,,,,,
hoch1243,on.top,surface,,,,,
hoch1243,pick,pick(OBJ.3SG),pick(SBJ.3SG),,,,
hoch1243,place,place(OBJ.3SG),place(SBJ.3SG&OBJ.3SG),,,,
hoch1243,POSS.RFL-,-POSS.RFL-,,,,,
hoch1243,put.down,put.down(SBJ.3SG&OBJ.3SG),,,,,
hoch1243,put.into,put.into(OBJ.3SG),put.into(SBJ.3SG&OBJ.3SG),,,,
hoch1243,put.upright,put.upright(OBJ.3SG),,,,,
hoch1243,quarrel,quarrel(SBJ.3SG),,,,,
hoch1243,recognize,recognize(OBJ.3SG),,,,,
hoch1243,RFL-,-RFL-,RCP-,-RCP-,,,
hoch1243,say,say(SBJ.3SG),say(SBJ.SG),,,,
hoch1243,say.to,say.to(OBJ.3SG),say.to(SBJ.3SG&OBJ.3SG),say.to(SBJ.3SG),,,
hoch1243,scold,scold(OBJ.3SG),scold(SBJ.3SG),scold(SBJ.3SG&OBJ.3SG),,,
hoch1243,see,see(OBJ.3SG),see(SBJ.3SG&OBJ.3SG),see(SBJ.3SG),,,
hoch1243,seek,seek(OBJ.3SG),seek(SBJ.3SG&OBJ.3SG),,,,
hoch1243,sell,sell(SBJ.3SG&OBJ.3SG),,,,,
hoch1243,show(OBJ.3SG),show(SBJ.3SG&OBJ.3SG),,,,,
hoch1243,sit,sit(SBJ.3SG),,,,,
hoch1243,speak,speak(SBJ.3SG),,,,,
hoch1243,strike,strike(OBJ.3SG),strike(SBJ.3PL),,,,
hoch1243,take,take(SBJ.3SG&OBJ.3SG),take(SBJ.3SG),,,,
hoch1243,take\1E.A,take(OBJ.3SG)\1E.A,,,,,
hoch1243,talk,talk(SBJ.3SG),,,,,
hoch1243,talk.to,talk.to(OBJ.3SG),talk.to(SBJ.3SG),discuss.with,discuss.with(OBJ.3SG),,
hoch1243,teach,teach(SBJ.3SG),teach(OBJ.3SG),,,,
hoch1243,tell,tell(SBJ.3SG),tell(OBJ.3SG),tell(SBJ.3SG&OBJ.3SG),tell(OBJ.3SG&OBJ.3SG),tell(SBJ.3SG&OBJ.3SG&OBJ.3SG),tell(SBJ.3PL)
hoch1243,tell.to.do,tell.to.do(OBJ.3SG),,,,,
hoch1243,tell\1E.A,tell(OBJ.3SG&OBJ.3SG)\1E.A,tell(OBJ.3SG)\1E.A,,,,
hoch1243,that’s.why,thus,OBL.FIN,it’s.true,,,
hoch1243,there,=there,-there,,,,
hoch1243,think,think(SBJ.3SG&OBJ.3SG),think(OBJ.3SG),think(OBJ.3SG&OBJ.3SG),,,
hoch1243,think.of,think.of(OBJ.3SG),,,,,
hoch1243,Thunder(clan),Thunderbird,,,,,
hoch1243,tie,tie(OBJ.3SG),tie(SBJ.3SG),,,,
hoch1243,uncover,uncover(OBJ.3SG),uncover(SBJ.3SG),,,,
hoch1243,use,use(OBJ.3SG),use(SBJ.3SG&OBJ.3SG),,,,
hoch1243,walk,walk(SBJ.3SG),,,,,
hoch1243,want,want(SBJ.3SG&OBJ.3SG),want(OBJ.3SG),,,,
hoch1243,wear.on.head,wear.on.head(SBJ.3SG),,,,,
hoch1243,woman,female,,,,,
hoch1243,work,work(SBJ.3SG),,,,,
hoch1243,write,write(SBJ.3SG&OBJ.3SG),write(SBJ.3SG),,,,