lang,gl,var1,var2,var3,var4,var5,var6,var7
movi1243,-2PL,2PL,,,,,,
movi1243,-ABS,ABSL,,,,,,
movi1243,-acquire,acquire,,,,,,
movi1243,-AG,NMLZ.AGT,,,,,,
movi1243,-AGT,AGT,,,,,,
movi1243,-APPL,APPL,,,,,,
movi1243,-APPL2,APPL2,,,,,,
movi1243,-BDP,BDP,-BP,-mouth,mouth,,,
movi1243,-BE.clothes,CLF:clothes,,,,,,
movi1243,-BE.earth,-ground,,,,,,
movi1243,-BE.inside,-CL:inside,BE.inside,BE.inside-,,,,
movi1243,-BE.liquid,-BE.water,BE.water,-CL:liquid,CLF.liquid,,,
movi1243,-BE.NTR,-BE.ntr,CLF.NTR,CLF:NTR,,,,
movi1243,-BE.person,-CL:person,CLF.person,,,,,
movi1243,-BE.place,-CL.place,CLF.place,,,,,
movi1243,-BEN,BEN,,,,,,
movi1243,-CAUS,CAUS,,,,,,
movi1243,-CL:animal,CLF.animal,,,,,,
movi1243,-CL:bag,-CLF.bag,,,,,,
movi1243,-CL:pole/tree/wood,CLF.pole/tree/wood,,,,,,
movi1243,-CL.seed,-seed,,,,,,
movi1243,-CL.water,-CL:water,,,,,,
movi1243,-DR,DR,-DR-,,,,,
movi1243,-IMP.intr,IMP.INTR,,,,,,
movi1243,-IMP.TR,-IMP.tr,,,,,,
movi1243,-INV,INV,,,,,,
movi1243,-IRR,-IRR-,,,,,,
movi1243,-LN,LINK,,,,,,
movi1243,-LV,-EP,EP,,,,,
movi1243,-MD~-,-MID~-,,,,,,
movi1243,-MLT,-MLT-,,,,,,
movi1243,-NMZ,NMLZ.DYN,NMLZ.EVT,NMLZ,,,,
movi1243,-NMZ.LOC,NMLZ.LOC,-NMZ.REAS,NMZ.REAS,,,,
movi1243,-PRC,PRC,,,,,,
movi1243,-R/R,REFL/RECP,,,,,,
movi1243,-time,CLF.time,,,,,,
movi1243,-VBZ,VBLZ,,,,,,
movi1243,#1pl,=1pl,1PL.EXCL,,,,,
movi1243,#3F,#3f,=3f,,,,,
movi1243,#3F.AB,=3F.AB,#3f.a,=3f.a,,,,
movi1243,#3M,3M,,,,,,
movi1243,#3M.AB,=3M.AB,=3m.ab,#3m.a,=3m.a,#3M.ABSN,3M.ABSN,
movi1243,#3N,#3n,=3N,=3n,3N,,,
movi1243,#3N.AB,#3n.a,=3N.AB,=3n.a,3N.AB,3NT.ABSN,,
movi1243,#3PL,#3pl,=3PL,=3pl,3PL,3pl,,
movi1243,#3PL.AB,#3pl.a,=3pl.ab,=3pl.a,=3PL.AB,3PL.ABSN,3PL.AB,3pl.a
movi1243,#OBV.3M.AB,#OBV.3m.a,,,,,,
movi1243,#OBV.3N.AB,#OBV.3n.a,,,,,,
movi1243,#OBV.3PL.AB,#OBV.3pl.a,,,,,,
movi1243,=2,2,,,,,,
movi1243,=DET,-DET,DET,,,,,
movi1243,1,=1,,,,,,
movi1243,1INCL,1incl,,,,,,
movi1243,1INTR,1intr,,,,,,
movi1243,2.INTR,2.intr,,,,,,
movi1243,a_bit_more,a.little.more,,,,,,
movi1243,alga_carpet,alga.carpet,,,,,,
movi1243,all_kind,all.kinds,,,,,,
movi1243,and,CONJ,,,,,,
movi1243,ART.F,ART.f,,,,,,
movi1243,ART.F.AB,ART.f.abs,=ART.f.abs,,,,,
movi1243,ART.F.PST,ART.f.p,=ART.f.p,,,,,
movi1243,ART.M,ART.m,=ART.M,=ART.m,,,,
movi1243,ART.M.AB,ART.m.a,=ART.M.AB,=ART.m.a,,,,
movi1243,ART.N,ART.n,=ART.N,=ART.n,,,,
movi1243,ART.N.AB,ART.N.ABSN,ART.n.a,=ART.n.a,,,,
movi1243,ART.N.PST,=ART.N.PST,ART.n.p,=ART.n.p,,,,
movi1243,ART.PL,ART.pl,=ART.pl,,,,,
movi1243,ART.PL.AB,ART.PL.ABSN,ART.pl.a,,,,,
movi1243,ask,ask.for,,,,,,
movi1243,"at_least;still,yet",at_least,still,still/yet,still; yet,still;yet,,
movi1243,be_afraid,be.afraid,,,,,,
movi1243,be_enough,enough,,,,,,
movi1243,boil,boil;boiled,,,,,,
movi1243,chicha,-chicha,,,,,,
movi1243,child_of,offspring,,,,,,
movi1243,cost,pay,price,,,,,
movi1243,cow,cow\meat,meat,,,,,
movi1243,day,-day,,,,,,
movi1243,DEM.M.STD,DEM.std.m,,,,,,
movi1243,DEM.N.AB,DEM.N.ABSN,DEM.n.a,,,,,
movi1243,DEM.N.PST,DM.N.PST,DEM.n,DEM.n.p,,,,
movi1243,DEM.N.RTR,DEM.rtr.n,,,,,,
movi1243,DEM.N.SPK,DM.N.SPK,DEM.n.spk,DEM.n.prox,,,,
movi1243,DEM.nstd.n,DEM.nst.n,DM.N.NSTD,,,,,
movi1243,DEM.PL.PST,DM.PL.PST,DEM.pl.p,,,,,
movi1243,DETR,DTR,,,,,,
movi1243,die,deceased,,,,,,
movi1243,DM.F.AB,DEM.f.a,,,,,,
movi1243,DM.N.STD,DEM.n.std,,,,,,
movi1243,DM.PL.AB,DEM.pl.a,,,,,,
movi1243,drown,submerge,,,,,,
movi1243,DUR.MOV,DUR:move,,,,,,
movi1243,DUR.NSTD,DUR.nstd,DUR,,,,,
movi1243,DUR.STD,DUR.std,,,,,,
movi1243,earring,earring bush,,,,,,
movi1243,end_of,end.of,,,,,,
movi1243,EV,EVD,,,,,,
movi1243,FUT,ITN,,,,,,
movi1243,get_away,get.away,,,,,,
movi1243,get_down,get.down,,,,,,
movi1243,get_up,get.up,,,,,,
movi1243,go_ahead,go_on,,,,,,
movi1243,greet,call,,,,,,
movi1243,happen,pass,pass_by,pass_by/happen,pass_by;happen,,,
movi1243,head,-head,,,,,,
movi1243,here,hereEV,here\like_this,,,,,
movi1243,hold,lift,,,,,,
movi1243,HORT,let's.go,,,,,,
movi1243,how,how-,,,,,,
movi1243,inform,tell,,,,,,
movi1243,inner,inside,,,,,,
movi1243,INTJ,IJ,,,,,,
movi1243,its_owner,owner_ofr:INV,,,,,,
movi1243,know_sb,know.sb,,,,,,
movi1243,let_free,set.free,,,,,,
movi1243,long_ago,long.ago,,,,,,
movi1243,look_at,look.at,,,,,,
movi1243,many_people,many.people,,,,,,
movi1243,my_child,my_offspring,,,,,,
movi1243,my_father,my.father,sir,,,,,
movi1243,no,PROH,,,,,,
movi1243,non_Indian,stranger,,,,,,
movi1243,not_deep,not.deep,,,,,,
movi1243,not_want,not.want,,,,,,
movi1243,OBL-,OBL,obl-,,,,,
movi1243,older_sibling,older.sibling,,,,,,
movi1243,on_top,on.top,,,,,,
movi1243,other_people,other.people,,,,,,
movi1243,over_there,over.there,,,,,,
movi1243,PRO.1PL,PRO.1pl,,,,,,
movi1243,PRO.1SG,PRO.1sg,,,,,,
movi1243,PRO.2SG,PRO.2sg,,,,,,
movi1243,PRO.3F,PRO.3f,,,,,,
movi1243,PRO.3PL,PRO.3pl,PRO.pl,PRO.3PL.AB,PRO.3PL.ABSN,,,
movi1243,PRO.M.AB,PRO.m.a,,,,,,
movi1243,PRO.N,PRO.n,PRO.N.AB,PRO.N.ABSN,PRO.n.a,,,
movi1243,REAS,CSL,,,,,,
movi1243,scream,scream;bark,shout,,,,,
movi1243,small_piece,a_little,a_little;small_piece,a_little\small_piece,,,,
movi1243,smell/feel,smell;feel,,,,,,
movi1243,sound_weakly,sound.weakly,,,,,,
movi1243,speak_about,tell_about,,,,,,
movi1243,speak_truth,say_the_truth,,,,,,
movi1243,stay_behind,leave_behind,,,,,,
movi1243,sugar_mill,sugar.cane.crusher,,,,,,
movi1243,take_out,take.out,,,,,,
movi1243,that_moment,that.moment,,,,,,
movi1243,that's_why,that's.why,,,,,,
movi1243,tie,be.tied.up,,,,,,
movi1243,trader,traders,,,,,,
movi1243,village;yard;square,village,yard,,,,,
movi1243,want,want;like,,,,,,
movi1243,weapon,shoot:INS,,,,,,
movi1243,without-,without,,,,,,
movi1243,year,-year,,,,,,